customer_id,name,x,y,deadline_hours
C1,L0958,-6.253279,106.842864,6
C2,L0103,-6.224853,106.830965,6
C3,L1153,-6.249132,106.791613,6
C4,L0512,-6.151352,106.830396,6
C5,L0250,-6.230565,106.752068,6
C6,L0941,-6.18521,106.939841,6
C7,L0275,-6.203282,106.771917,8
C8,L1097,-6.168991,106.921671,8
C9,L1156,-6.226432,106.811125,8
C10,L1233,-6.184836,106.841133,6
C11,L0651,-6.272053,106.747569,6
C12,L0912,-6.212658,106.901462,6
C13,L1270,-6.263985,106.78173,6
C14,L1041,-6.159326,106.852678,6
C15,L0879,-6.221779,106.618841,6
C16,L1133,-6.167341,106.770657,6
C17,L0919,-6.409934,106.861435,8
C18,L0327,-6.164014,106.734497,8
C19,L0979,-6.224284,106.598568,8
C20,L0927,-6.177609,106.968837,6
C21,L0532,-6.108033,106.897495,6
C22,L0508,-6.13532,106.843845,6
C23,L1321,-6.32025,106.761813,6
C24,L0569,-6.178206,106.844898,6
C25,L1076,-6.303708,106.885793,6
C26,L1000,-6.16541,106.648655,6
C27,L1299,-6.091909,106.690478,8
C28,L0491,-6.164318,106.864777,8
C29,L0564,-6.191103,106.849652,8
C30,L0906,-6.109501,106.884191,6
C31,L0160,-6.311544,106.793005,6
C32,L0587,-6.156634,106.864157,6
C33,L0482,-6.190028,106.812582,6
C34,L0558,-6.137793,106.781243,6
C35,L0690,-6.225399,106.707982,6
C36,L0656,-6.196306,106.843382,6
C37,L1117,-6.251829,106.664068,8
C38,L0167,-6.278005,106.801018,8
C39,L0285,-6.134628,106.70712,8
C40,L0310,-6.208387,106.78337,6
C41,L0475,-6.190317,106.812288,6
C42,L0789,-6.184545,106.761073,6
C43,L0314,-6.177925,106.722622,6
C44,L0440,-6.364009,106.959529,6
C45,L0132,-6.16187,106.762694,6
C46,L0855,-6.2572,106.968705,6
C47,L0839,-6.342082,106.792404,8
C48,L0680,-6.185844,106.668948,8
C49,L1122,-6.152579,106.764148,8
C50,L0961,-6.292757,107.046427,6
C51,L0857,-6.258157,106.869325,6
C52,L0128,-6.238975,106.812367,6
C53,L0425,-6.222424,106.772002,6
C54,L0866,-6.215374,106.738501,6
C55,L0802,-6.169496,106.772537,6
C56,L1209,-6.152651,106.764077,6
C57,L0041,-6.133844,106.687994,8
C58,L1191,-6.121818,106.81339,8
C59,L0784,-6.214524,106.83477,8
C60,L0984,-6.33277,106.782848,6
C61,L0013,-6.229362,106.72114,6
C62,L0723,-6.183508,106.674804,6
C63,L0613,-6.154816,106.862199,6
C64,L0803,-6.215843,106.815124,6
C65,L0864,-6.238148,106.771845,6
C66,L1112,-6.218106,106.715368,6
C67,L1129,-6.231328,106.783162,8
C68,L1251,-6.152644,106.764087,8
C69,L0453,-6.155773,106.929168,8
C70,L1007,-6.187859,106.846275,6
C71,L0451,-6.162895,106.811022,6
C72,L0560,-6.137123,106.781681,6
C73,L0898,-6.248964,106.985301,6
C74,L1002,-6.386928,106.826445,6
C75,L0060,-6.244007,106.729175,6
C76,L0801,-6.307509,106.799208,6
C77,L0691,-6.239915,106.703116,8
C78,L0833,-6.343267,107.154015,8
C79,L0340,-6.135296,106.702717,8
C80,L0964,-6.188955,106.701407,6
C81,L0263,-6.214635,106.825681,6
C82,L1290,-6.150554,106.725376,6
C83,L1103,-6.271099,106.729342,6
C84,L0056,-6.241091,106.702754,6
C85,L0811,-6.142527,106.800843,6
C86,L1226,-6.401993,106.812472,6
C87,L1167,-6.152602,106.764142,8
C88,L0173,-6.271588,106.80838,8
C89,L1332,-6.239487,106.766861,8
C90,L0883,-6.162794,106.904121,6
C91,L0279,-6.231509,106.859343,6
C92,L0952,-6.143872,106.90954,6
C93,L0374,-6.156923,106.801111,6
C94,L0534,-6.305132,106.933798,6
C95,L0781,-6.223584,106.781908,6
C96,L0673,-6.152618,106.764098,6
C97,L0435,-6.149566,106.890128,8
C98,L0938,-6.185559,106.613368,8
C99,L0672,-6.185408,106.67455,8
C100,L0694,-6.233163,106.702072,6
C101,L0571,-6.196946,106.842568,6
C102,L0869,-6.208466,106.830421,6
C103,L0518,-6.11918,106.909622,6
C104,L0169,-6.20737,106.840782,6
C105,L0970,-6.260497,106.710247,6
C106,L0040,-6.215517,106.708706,6
C107,L1114,-6.145438,106.676047,8
C108,L0107,-6.333366,106.867725,8
C109,L0719,-6.28539,106.855504,8
C110,L0461,-6.129925,106.798163,6
C111,L1348,-6.295973,106.843322,6
C112,L0141,-6.192858,106.840653,6
C113,L1351,-6.152513,106.764062,6
C114,L0083,-6.294566,106.964866,6
C115,L0064,-6.186343,106.455038,6
C116,L0410,-6.300013,106.777806,6
C117,L0042,-6.308633,106.772509,8
C118,L1288,-6.134862,106.832502,8
C119,L0490,-6.164054,106.864996,8
C120,L0260,-6.255244,106.796695,6
C121,L0976,-6.232648,106.745817,6
C122,L0236,-6.236953,106.781029,6
C123,L0448,-6.151339,106.8307,6
C124,L0959,-6.196066,106.843519,6
C125,L0526,-6.119194,106.908136,6
C126,L0759,-6.152587,106.76411,6
C127,L0345,-6.16397,106.748784,8
C128,L1256,-6.229116,106.807321,8
C129,L1259,-6.24452,106.784137,8
C130,L0337,-6.129458,106.724045,6
C131,L0639,-6.188422,106.739561,6
C132,L0223,-6.318166,106.795389,6
C133,L1198,-6.323082,106.836988,6
C134,L0053,-6.244023,106.729134,6
C135,L0640,-6.285681,106.729277,6
C136,L0773,-6.197598,106.841946,6
C137,L0817,-6.162175,106.818982,8
C138,L0408,-6.309162,107.153,8
C139,L0157,-6.17603,106.686343,8
C140,L1300,-6.572649,106.747139,6
C141,L0499,-6.181371,106.850228,6
C142,L0210,-6.242069,106.825797,6
C143,L0619,-6.179874,106.860377,6
C144,L1245,-6.310164,106.740721,6
C145,L0249,-6.226162,106.747494,6
C146,L1171,-6.178377,106.844857,6
C147,L0085,-6.264886,106.986554,8
C148,L0714,-6.314599,106.825544,8
C149,L1101,-6.194878,106.89472,8
C150,L0763,-6.207542,106.791026,6
C151,L0142,-6.094748,106.676908,6
C152,L1044,-6.186043,106.8063,6
C153,L1343,-6.260146,106.746471,6
C154,L0701,-6.260516,106.749355,6
C155,L0026,-6.24199,106.656632,6
C156,L1011,-6.253922,106.790527,6
C157,L0218,-6.260138,106.798409,8
C158,L0893,-6.261662,106.877821,8
C159,L0744,-6.259158,107.028089,8
C160,L1317,-6.181253,106.851635,6
C161,L0948,-6.395983,106.772388,6
C162,L0315,-6.206262,106.758588,6
C163,L0897,-6.248361,106.989885,6
C164,L1077,-6.216229,106.829903,6
C165,L1349,-6.148283,106.76181,6
C166,L0555,-6.163204,106.811355,6
C167,L1277,-6.15264,106.764085,8
C168,L0998,-6.272359,106.741619,8
C169,L1227,-6.15257,106.764195,8
C170,L0551,-6.129774,106.799767,6
C171,L0663,-6.290126,106.758811,6
C172,L0504,-6.168068,106.857705,6
C173,L0179,-6.235513,106.780565,6
C174,L0573,-6.100763,106.931202,6
C175,L0929,-6.152552,106.764133,6
C176,L0501,-6.298121,107.014872,6
C177,L1179,-6.150554,106.735206,8
C178,L1265,-6.152644,106.764092,8
C179,L0059,-6.189787,106.689109,8
C180,L1020,-6.372966,106.835454,6
C181,L0668,-6.288391,106.746105,6
C182,L1006,-6.187463,106.732652,6
C183,L0436,-6.270765,106.972077,6
C184,L0729,-6.158081,106.883754,6
C185,L0531,-6.156702,106.864501,6
C186,L0700,-6.245455,106.77649,6
C187,L0574,-6.172935,106.86328,8
C188,L1234,-6.222312,106.867967,8
C189,L0567,-6.186974,106.851097,8
C190,L1150,-6.152725,106.765701,6
C191,L0021,-6.263148,106.718619,6
C192,L1066,-6.168139,106.751345,6
